,1,ANDOVER,14,33,59,56,42,45,38,33.1,0,0.1,0.2,0.3,0.4,0.5,320,0.6,305,Year
0,2,ANSONIA,21,214,215,222,226,242,199,190,209,209,178,168,130,148,2571,3,2376,7/30/2002 Final October 2000 Public School Enrollment
1,3,ASHFORD,37,46,56,45,51,54,64,64,78,57,0,0,0,0,552,0,530,7/30/2002 Final October 2000 Public School Enrollment
2,4,AVON,28,211,251,223,264,239,276,225,223,232,209,171,188,178,2918,25,2820,7/30/2002 Final October 2000 Public School Enrollment
3,5,BARKHAMSTED,10,41,52,56,41,46,38,51,0,0,0,0,0,0,335,0,324,7/30/2002 Final October 2000 Public School Enrollment
4,7,BERLIN,54,238,243,224,227,230,281,257,266,255,264,247,269,223,3278,5,3201,7/30/2002 Final October 2000 Public School Enrollment
5,8,BETHANY,22,65,79,86,90,85,79,96,0,0,0,0,0,0,602,2,578,7/30/2002 Final October 2000 Public School Enrollment
6,9,BETHEL,50,202,234,250,244,247,281,292,247,255,269,235,191,199,3196,0,3053,7/30/2002 Final October 2000 Public School Enrollment
7,11,BLOOMFIELD,53,163,181,220,205,205,235,210,198,222,190,205,181,132,2600,0,2508,7/30/2002 Final October 2000 Public School Enrollment
8,12,BOLTON,5,70,60,62,72,73,76,89,96,83,85,72,66,50,959,11,930,7/30/2002 Final October 2000 Public School Enrollment
9,13,BOZRAH,11,26,28,32,31,23,19,26,26,29,0,0,0,0,251,0,244,7/30/2002 Final October 2000 Public School Enrollment
10,14,BRANFORD,18,285,268,295,301,297,291,330,304,292,290,269,275,269,3784,11,3658,7/30/2002 Final October 2000 Public School Enrollment
11,15,BRIDGEPORT,467,1895,2134,1975,2016,1951,1975,1914,1838,1722,1495,1233,979,838,22432,0,20705,7/30/2002 Final October 2000 Public School Enrollment
12,17,BRISTOL,178,576,654,669,679,662,673,707,663,711,716,687,688,605,8868,85,8386,7/30/2002 Final October 2000 Public School Enrollment
13,18,BROOKFIELD,43,221,239,226,277,249,247,239,239,229,233,188,195,197,3022,0,2854,7/30/2002 Final October 2000 Public School Enrollment
14,19,BROOKLYN,100,90,79,93,81,104,97,86,88,109,0,0,0,0,927,0,894,7/30/2002 Final October 2000 Public School Enrollment
15,21,CANAAN,4,16,18,14,11,11,16,17,12,13,0,0,0,0,132,0,121,7/30/2002 Final October 2000 Public School Enrollment
16,22,CANTERBURY,15,56,44,53,55,62,66,78,70,73,0,0,0,0,572,0,555,7/30/2002 Final October 2000 Public School Enrollment
17,23,CANTON,20,100,122,120,134,133,124,122,134,127,115,114,108,103,1576,32,1531,7/30/2002 Final October 2000 Public School Enrollment
18,24,CHAPLIN,23,29,35,37,19,31,30,30,0,0,0,0,0,0,234,0,217,7/30/2002 Final October 2000 Public School Enrollment
19,25,CHESHIRE,93,325,372,357,377,381,396,397,437,401,391,344,361,337,4969,35,4787,7/30/2002 Final October 2000 Public School Enrollment
20,26,CHESTER,26,41,46,41,38,39,44,35,0,0,0,0,0,0,310,3,300,7/30/2002 Final October 2000 Public School Enrollment
21,27,CLINTON,21,150,166,146,176,180,191,178,181,168,155,178,178,140,2208,1,2091,7/30/2002 Final October 2000 Public School Enrollment
22,28,COLCHESTER,58,251,260,260,242,250,271,228,244,200,234,224,141,156,3019,0,2899,7/30/2002 Final October 2000 Public School Enrollment
23,29,COLEBROOK,2,20,18,20,18,19,19,25,0,0,0,0,0,0,141,0,135,7/30/2002 Final October 2000 Public School Enrollment
24,30,COLUMBIA,26,67,72,81,71,85,82,88,65,87,0,0,0,0,724,0,709,7/30/2002 Final October 2000 Public School Enrollment
25,31,CORNWALL,1,22,28,15,19,19,26,22,27,18,0,0,0,0,197,0,186,7/30/2002 Final October 2000 Public School Enrollment
26,32,COVENTRY,20,161,173,168,156,155,170,174,190,180,138,149,119,119,2072,3,2010,7/30/2002 Final October 2000 Public School Enrollment
27,33,CROMWELL,30,142,132,156,141,138,147,156,147,141,131,111,116,100,1788,5,1727,7/30/2002 Final October 2000 Public School Enrollment
28,34,DANBURY,317,704,786,721,685,689,760,728,750,666,795,645,577,547,9370,0,8865,7/30/2002 Final October 2000 Public School Enrollment
29,35,DARIEN,35,375,378,372,335,395,303,277,288,240,254,202,188,170,3812,0,3702,7/30/2002 Final October 2000 Public School Enrollment
30,36,DEEP RIVER,8,47,69,59,60,57,61,55,0,0,0,0,0,0,416,0,408,7/30/2002 Final October 2000 Public School Enrollment
31,37,DERBY,39,104,153,136,134,127,134,130,118,135,104,103,105,86,1608,0,1483,7/30/2002 Final October 2000 Public School Enrollment
32,39,EASTFORD,0,17,23,24,15,26,18,17,17,17,0,0,0,0,174,0,170,7/30/2002 Final October 2000 Public School Enrollment
33,40,EAST GRANBY,3,69,65,82,56,60,71,67,73,61,57,55,53,54,826,11,801,7/30/2002 Final October 2000 Public School Enrollment
34,41,EAST HADDAM,21,114,130,121,108,125,114,109,125,91,86,71,77,93,1385,0,1342,7/30/2002 Final October 2000 Public School Enrollment
35,42,EAST HAMPTON,16,146,174,179,145,188,171,149,164,160,126,111,136,117,1982,0,1912,7/30/2002 Final October 2000 Public School Enrollment
36,43,EAST HARTFORD,357,493,566,558,581,596,636,598,625,580,695,586,556,383,7810,0,7190,7/30/2002 Final October 2000 Public School Enrollment
37,44,EAST HAVEN,98,288,257,318,318,331,374,380,350,339,349,294,294,239,4229,20,3993,7/30/2002 Final October 2000 Public School Enrollment
38,45,EAST LYME,21,214,216,235,217,226,243,255,273,259,305,272,260,236,3232,4,3102,7/30/2002 Final October 2000 Public School Enrollment
39,46,EASTON,15,105,115,119,109,125,116,110,110,106,0,0,0,0,1030,4,1004,7/30/2002 Final October 2000 Public School Enrollment
