,47,EAST WINDSOR,57,95,104,109,113,104.1,162,136,126,113.1,115,104.2,87,93,1518,22,1441,Year
0,48,ELLINGTON,46,169,168,179,180,194,181,155,192,174,200,149,126,153,2266,0,2187.0,7/30/2002 Final October 2000 Public School Enrollment
1,49,ENFIELD,94,430,492,491,494,541,494,525,521,507,579,569,588,446,6771,35,6470.0,7/30/2002 Final October 2000 Public School Enrollment
2,50,ESSEX,0,94,75,81,84,71,80,76,0,0,0,0,0,0,561,0,535.0,7/30/2002 Final October 2000 Public School Enrollment
3,51,FAIRFIELD,33,705,724,662,709,655,717,642,658,611,537,478,495,416,8042,56,7760.0,7/30/2002 Final October 2000 Public School Enrollment
4,52,FARMINGTON,30,277,303,308,344,330,346,323,341,365,331,281,286,261,4126,77,4014.0,7/30/2002 Final October 2000 Public School Enrollment
5,53,FRANKLIN,0,21,25,25,17,18,22,20,24,27,0,0,0,0,199,0,192.0,7/30/2002 Final October 2000 Public School Enrollment
6,54,GLASTONBURY,39,480,477,501,479,530,499,488,486,453,464,434,430,372,6132,38,5926.0,7/30/2002 Final October 2000 Public School Enrollment
7,56,GRANBY,0,164,171,144,169,157,185,161,155,167,146,144,138,129,2030,33,1983.0,7/30/2002 Final October 2000 Public School Enrollment
8,57,GREENWICH,102,752,747,721,754,724,720,687,631,548,588,582,536,477,8569,0,8154.0,7/30/2002 Final October 2000 Public School Enrollment
9,58,GRISWOLD,96,142,130,138,140,148,150,157,151,167,199,170,158,122,2068,0,1983.0,7/30/2002 Final October 2000 Public School Enrollment
10,59,GROTON,246,546,551,512,519,467,472,457,417,464,371,340,292,269,5923,4,5713.0,7/30/2002 Final October 2000 Public School Enrollment
11,60,GUILFORD,40,259,292,284,298,295,329,295,313,309,294,310,302,263,3883,0,3675.0,7/30/2002 Final October 2000 Public School Enrollment
12,62,HAMDEN,49,389,453,506,495,486,551,504,492,483,587,510,410,370,6285,39,5970.0,7/30/2002 Final October 2000 Public School Enrollment
13,63,HAMPTON,31,18,15,25,33,25,18,37,0,0,0,0,0,0,202,0,196.0,7/30/2002 Final October 2000 Public School Enrollment
14,64,HARTFORD,764,1912,2130,2034,2143,1888,1909,1727,1764,1554,1896,1246,957,621,22545,22,20814.0,7/30/2002 Final October 2000 Public School Enrollment
15,65,HARTLAND,0,25,17,26,29,37,36,38,35,40,0,0,0,0,283,0,271.0,7/30/2002 Final October 2000 Public School Enrollment
16,67,HEBRON,15,148,148,119,133,135,147,140,0,0,0,0,0,0,985,0,978.0,7/30/2002 Final October 2000 Public School Enrollment
17,68,KENT,10,31,33,30,36,46,33,48,29,32,0,0,0,0,328,0,323.0,7/30/2002 Final October 2000 Public School Enrollment
18,69,KILLINGLY,74,222,199,198,214,221,196,228,246,229,265,297,242,190,3021,0,2817.0,7/30/2002 Final October 2000 Public School Enrollment
19,71,LEBANO. 39,79,97,107,110,97,91,107,109,102,147,146,132,139,1502,9,1414,,7/30/2002 Final October 2000 Public School Enrollment
20,72,LEDYARD,24,190,186,198,217,233,254,242,259,234,284,269,264,255,3109,1,3005.0,7/30/2002 Final October 2000 Public School Enrollment
21,73,LISBON,72,39,50,53,69,59,62,67,73,59,0,0,0,0,603,0,585.0,7/30/2002 Final October 2000 Public School Enrollment
22,74,LITCHFIELD,25,78,101,121,121,121,125,126,100,127,99,97,89,86,1416,0,1363.0,7/30/2002 Final October 2000 Public School Enrollment
23,76,MADISON,30,257,304,289,275,276,334,273,285,244,257,249,224,215,3512,0,3380.0,7/30/2002 Final October 2000 Public School Enrollment
24,77,MANCHESTER,162,539,596,599,558,631,643,617,610,605,719,487,485,436,7687,10,7343.0,7/30/2002 Final October 2000 Public School Enrollment
25,78,MANSFIELD,64,99,134,163,145,174,137,164,171,173,0,0,0,0,1424,0,1384.0,7/30/2002 Final October 2000 Public School Enrollment
26,79,MARLBOROUGH,24,85,91,89,79,98,78,93,0,0,0,0,0,0,637,0,618.0,7/30/2002 Final October 2000 Public School Enrollment
27,80,MERIDEN,271,695,789,717,691,754,731,700,727,696,696,584,492,418,8961,0,8359.0,7/30/2002 Final October 2000 Public School Enrollment
28,83,MIDDLETOWN,95,453,445,443,404,431,445,439,413,357,372,268,256,235,5056,0,4771.0,7/30/2002 Final October 2000 Public School Enrollment
29,84,MILFORD,174,570,549,530,580,562,597,574,651,573,580,522,466,451,7379,11,6976.0,7/30/2002 Final October 2000 Public School Enrollment
30,85,MONROE,44,273,332,346,303,318,307,309,334,308,334,309,280,323,4120,15,3957.0,7/30/2002 Final October 2000 Public School Enrollment
31,86,MONTVILLE,31,204,244,219,255,224,253,248,264,229,236,214,192,164,2977,4,2848.0,7/30/2002 Final October 2000 Public School Enrollment
32,88,NAUGATUCK,117,361,429,411,448,437,425,509,461,481,460,469,365,317,5690,0,5349.0,7/30/2002 Final October 2000 Public School Enrollment
33,89,NEW BRITAIN,172,782,860,920,957,919,903,823,752,705,920,708,527,347,10295,1,9649.0,7/30/2002 Final October 2000 Public School Enrollment
34,90,NEW CANAAN,32,322,294,359,327,326,355,308,263,244,237,220,244,230,3761,0,3641.0,7/30/2002 Final October 2000 Public School Enrollment
35,91,NEW FAIRFIELD,41,222,248,230,261,231,226,239,242,230,235,224,211,198,3038,0,2854.0,7/30/2002 Final October 2000 Public School Enrollment
36,92,NEW HARTFORD,24,84,87,82,98,100,93,101,0,0,0,0,0,0,669,0,633.0,7/30/2002 Final October 2000 Public School Enrollment
37,93,NEW HAVEN,936,1598,1687,1599,1777,1558,1588,1470,1423,1315,1636,1209,964,789,19549,43,17679.0,7/30/2002 Final October 2000 Public School Enrollment
38,94,NEWINGTON,33,337,339,372,308,348,367,355,345,321,334,377,301,287,4424,48,4263.0,7/30/2002 Final October 2000 Public School Enrollment
39,95,NEW LONDON,45,272,256,308,266,254,239,261,270,232,220,150,184,139,3096,4,2854.0,7/30/2002 Final October 2000 Public School Enrollment
