,96,NEW MILFORD,30,378,387,418,428,419,433,446,415,434,367,364,277,291,5087,0,4849,Year
0,97,NEWTOWN,17,398,385,427,400,400,396,418,395,373,360,331,322,319,4941,0,4782,7/30/2002 Final October 2000 Public School Enrollment
1,98,NORFOLK,27,19,13,26,24,21,24,17,0,0,0,0,0,0,171,0,161,7/30/2002 Final October 2000 Public School Enrollment
2,99,NORTH BRANFORD,23,191,191,214,191,213,207,176,194,206,178,155,169,137,2445,16,2358,7/30/2002 Final October 2000 Public School Enrollment
3,100,NORTH CANAAN,16,46,34,50,40,38,39,43,45,32,0,0,0,0,383,0,370,7/30/2002 Final October 2000 Public School Enrollment
4,101,NORTH HAVEN,38,269,288,283,302,302,285,289,295,290,268,286,225,218,3638,17,3533,7/30/2002 Final October 2000 Public School Enrollment
5,102,NORTH STONINGTON,0,56,67,55,57,55,72,73,67,76,82,66,75,61,862,0,836,7/30/2002 Final October 2000 Public School Enrollment
6,103,NORWALK,106,903,943,915,922,889,887,880,784,748,846,777,739,579,10918,0,10400,7/30/2002 Final October 2000 Public School Enrollment
7,104,NORWICH,182,395,513,387,405,386,389,411,417,429,51,19,10,6,4000,0,3832,7/30/2002 Final October 2000 Public School Enrollment
8,106,OLD SAYBROOK,39,133,134,128,121,129,108,106,112,119,108,119,103,109,1568,0,1513,7/30/2002 Final October 2000 Public School Enrollment
9,107,ORANGE,19,166,190,169,186,194,206,195,0,0,0,0,0,0,1325,15,1282,7/30/2002 Final October 2000 Public School Enrollment
10,108,OXFORD,22,157,144,166,140,146,150,147,154,150,0,0,0,0,1376,0,1294,7/30/2002 Final October 2000 Public School Enrollment
11,109,PLAINFIELD,133,175,235,208,220,222,217,198,196,218,259,190,187,174,2832,0,2688,7/30/2002 Final October 2000 Public School Enrollment
12,110,PLAINVILLE,22,174,184,222,202,192,249,206,225,223,212,196,212,155,2674,35,2581,7/30/2002 Final October 2000 Public School Enrollment
13,111,PLYMOUTH,38,126,136,154,143,152,166,188,198,158,170,130,137,96,1992,0,1927,7/30/2002 Final October 2000 Public School Enrollment
14,112,POMFRET,25,50,53,51,62,52,67,65,61,41,0,0,0,0,527,0,513,7/30/2002 Final October 2000 Public School Enrollment
15,113,PORTLAND,18,104,118,136,124,123,125,123,94,118,67,78,78,70,1376,0,1324,7/30/2002 Final October 2000 Public School Enrollment
16,114,PRESTON,17,55,51,50,42,63,70,49,55,65,0,0,0,0,517,0,493,7/30/2002 Final October 2000 Public School Enrollment
17,116,PUTNAM,41,112,93,77,93,97,99,108,99,137,98,99,101,91,1345,0,1275,7/30/2002 Final October 2000 Public School Enrollment
18,117,REDDING,24,108,123,105,123,149,159,152,144,149,0,0,0,0,1236,0,1188,7/30/2002 Final October 2000 Public School Enrollment
19,118,RIDGEFIELD,25,385,405,417,425,437,424,416,371,350,349,345,288,286,4923,0,4720,7/30/2002 Final October 2000 Public School Enrollment
20,119,ROCKY HILL,31,179,187,178,196,189,199,194,208,211,186,159,162,144,2423,11,2335,7/30/2002 Final October 2000 Public School Enrollment
21,121,SALEM,20,57,53,64,69,71,78,56,64,69,0,0,0,0,601,0,591,7/30/2002 Final October 2000 Public School Enrollment
22,122,SALISBURY,16,42,33,44,30,50,44,44,52,43,0,0,0,0,398,0,382,7/30/2002 Final October 2000 Public School Enrollment
23,123,SCOTLAND,0,21,12,18,17,23,20,24,0,0,0,0,0,0,135,0,133,7/30/2002 Final October 2000 Public School Enrollment
24,124,SEYMOUR,24,165,195,197,214,208,222,211,219,217,253,265,267,219,2876,0,2723,7/30/2002 Final October 2000 Public School Enrollment
25,125,SHARON,10,23,39,24,30,38,32,26,35,35,0,0,0,0,292,0,283,7/30/2002 Final October 2000 Public School Enrollment
26,126,SHELTON,73,358,448,390,435,421,473,456,458,458,417,381,391,357,5516,0,5212,7/30/2002 Final October 2000 Public School Enrollment
27,127,SHERMAN,8,47,34,50,57,50,62,60,45,55,0,0,0,0,468,0,457,7/30/2002 Final October 2000 Public School Enrollment
28,128,SIMSBURY,49,368,388,355,411,407,393,384,429,352,388,355,346,313,4938,73,4703,7/30/2002 Final October 2000 Public School Enrollment
29,129,SOMERS,15,111,104,110,129,129,128,137,149,130,148,115,104,103,1612,5,1538,7/30/2002 Final October 2000 Public School Enrollment
30,131,SOUTHINGTON,39,421,446,492,459,522,540,562,508,590,571,507,517,474,6648,14,6376,7/30/2002 Final October 2000 Public School Enrollment
31,132,SOUTH WINDSOR,49,373,376,422,389,408,426,451,404,421,356,332,341,309,5057,60,4930,7/30/2002 Final October 2000 Public School Enrollment
32,133,SPRAGUE,16,32,33,43,38,53,58,39,44,37,0,0,0,0,393,0,373,7/30/2002 Final October 2000 Public School Enrollment
33,134,STAFFORD,135,134,146,149,125,161,130,152,158,167,182,156,120,98,2013,0,1929,7/30/2002 Final October 2000 Public School Enrollment
34,135,STAMFORD,71,1298,1286,1267,1200,1211,1285,1178,1012,1004,1045,1057,945,932,14791,0,14006,7/30/2002 Final October 2000 Public School Enrollment
35,136,STERLING,10,38,53,53,51,41,42,41,42,37,0,0,0,0,408,0,393,7/30/2002 Final October 2000 Public School Enrollment
36,137,STONINGTON,28,169,181,197,164,202,206,195,195,186,179,198,150,163,2413,3,2299,7/30/2002 Final October 2000 Public School Enrollment
37,138,STRATFORD,75,526,566,546,581,628,616,595,571,599,609,544,502,428,7386,21,7074,7/30/2002 Final October 2000 Public School Enrollment
38,139,SUFFIELD,17,127,180,145,171,178,169,185,166,167,201,159,150,170,2185,24,2122,7/30/2002 Final October 2000 Public School Enrollment
39,140,THOMASTON,16,83,95,102,109,86,98,107,107,123,88,94,88,62,1258,0,1215,7/30/2002 Final October 2000 Public School Enrollment
