,141,THOMPSON,45,98,98.1,93,114,90,118,124,110,107,106,89,93.1,101,1386,0,1328,Year
0,142,TOLLAND,34,238,225,216,228,202,195,258,220,214,215,193,188,133,2759,0,2676.0,7/30/2002 Final October 2000 Public School Enrollment
1,143,TORRINGTON,27,366,394,362,415,408,447,472,431,393,376,301,280,235,4907,0,4684.0,7/30/2002 Final October 2000 Public School Enrollment
2,144,TRUMBULL,141,475,488,450,529,489,486,493,476,515,430,406,416,399,6193,38,5930.0,7/30/2002 Final October 2000 Public School Enrollment
3,145,UNION,0,8,8,7,11,6,6,11,8,7,0,0,0,0,72,0,71.0,7/30/2002 Final October 2000 Public School Enrollment
4,146,VERNO. 64,271,334,328,317,326,316,328,323,314,340,314,318,239,4132,18,3986,,7/30/2002 Final October 2000 Public School Enrollment
5,147,VOLUNTOWN,29,29,49,33,36,41,42,36,34,35,0,0,0,0,364,0,351.0,7/30/2002 Final October 2000 Public School Enrollment
6,148,WALLINGFORD,67,504,609,552,541,572,572,551,585,568,535,557,511,437,7161,137,6825.0,7/30/2002 Final October 2000 Public School Enrollment
7,151,WATERBURY,532,1583,1508,1421,1409,1304,1325,1285,1318,1256,1207,855,667,611,16281,0,15117.0,7/30/2002 Final October 2000 Public School Enrollment
8,152,WATERFORD,53,229,217,238,221,253,232,237,252,248,207,220,210,187,3004,9,2906.0,7/30/2002 Final October 2000 Public School Enrollment
9,153,WATERTOWN,83,303,283,298,266,294,289,296,317,283,262,229,233,181,3617,0,3497.0,7/30/2002 Final October 2000 Public School Enrollment
10,154,WESTBROOK,16,87,83,68,81,87,94,84,80,84,79,89,64,62,1058,6,999.0,7/30/2002 Final October 2000 Public School Enrollment
11,155,WEST HARTFORD,87,732,690,768,756,707,708,717,702,708,726,725,717,647,9390,18,8986.0,7/30/2002 Final October 2000 Public School Enrollment
12,156,WEST HAVEN,40,567,638,616,618,662,647,634,621,570,465,476,378,333,7265,0,6800.0,7/30/2002 Final October 2000 Public School Enrollment
13,157,WESTON,18,208,198,206,227,225,227,187,173,186,138,135,132,103,2363,18,2305.0,7/30/2002 Final October 2000 Public School Enrollment
14,158,WESTPORT,55,428,437,457,422,438,396,382,335,338,328,266,275,253,4810,47,4623.0,7/30/2002 Final October 2000 Public School Enrollment
15,159,WETHERSFIELD,25,260,280,260,271,270,275,271,267,272,253,266,260,227,3457,11,3357.0,7/30/2002 Final October 2000 Public School Enrollment
16,160,WILLINGTON,22,57,67,60,58,59,71,68,91,77,0,0,0,0,630,0,612.0,7/30/2002 Final October 2000 Public School Enrollment
17,161,WILTON,32,298,340,319,343,347,321,334,312,322,256,235,230,232,3921,0,3776.0,7/30/2002 Final October 2000 Public School Enrollment
18,162,WINCHESTER,26,99,115,104,114,116,129,123,124,121,6,7,3,3,1090,0,1048.0,7/30/2002 Final October 2000 Public School Enrollment
19,163,WINDHAM,116,258,275,275,283,228,265,248,274,264,290,232,245,202,3455,4,3240.0,7/30/2002 Final October 2000 Public School Enrollment
20,164,WINDSOR,32,237,304,301,358,352,397,354,358,363,479,361,350,320,4566,29,4422.0,7/30/2002 Final October 2000 Public School Enrollment
21,165,WINDSOR LOCKS,32,134,155,161,157,159,165,152,168,158,168,153,155,112,2029,10,1941.0,7/30/2002 Final October 2000 Public School Enrollment
22,166,WOLCOTT,20,195,210,202,237,241,242,228,256,250,257,257,222,202,3019,0,2826.0,7/30/2002 Final October 2000 Public School Enrollment
23,167,WOODBRIDGE,19,112,139,127,151,139,146,153,0,0,0,0,0,0,986,9,968.0,7/30/2002 Final October 2000 Public School Enrollment
24,169,WOODSTOCK,24,72,93,103,84,106,97,112,107,99,0,0,0,0,897,0,877.0,7/30/2002 Final October 2000 Public School Enrollment
25,201,DISTRICT NO. 1,0,0,0,0,0,0,0,0,0,0,139,143,125,140,547,0,518.0,7/30/2002 Final October 2000 Public School Enrollment
26,204,DISTRICT NO. 4,0,0,0,0,0,0,0,0,155,158,139,137,129,101,819,0,781.0,7/30/2002 Final October 2000 Public School Enrollment
27,205,DISTRICT NO. 5,0,0,0,0,0,0,0,0,417,414,384,377,355,338,2285,7,2180.0,7/30/2002 Final October 2000 Public School Enrollment
28,206,DISTRICT NO. 6,2,62,74,71,63,81,76,76,104,81,93,101,110,89,1083,0,1035.0,7/30/2002 Final October 2000 Public School Enrollment
29,207,DISTRICT NO. 7,0,0,0,0,0,0,0,0,173,194,182,191,147,146,1033,0,985.0,7/30/2002 Final October 2000 Public School Enrollment
30,208,DISTRICT NO. 8,0,0,0,0,0,0,0,0,323,268,261,243,222,181,1498,0,1446.0,7/30/2002 Final October 2000 Public School Enrollment
31,209,DISTRICT NO. 9,0,0,0,0,0,0,0,0,0,0,195,207,165,176,743,0,685.0,7/30/2002 Final October 2000 Public School Enrollment
32,210,DISTRICT NO. 10,6,183,215,186,225,187,213,195,202,224,176,193,162,148,2515,8,2463.0,7/30/2002 Final October 2000 Public School Enrollment
33,211,DISTRICT NO. 11,0,0,0,0,0,0,0,0,84,79,62,63,57,48,393,3,374.0,7/30/2002 Final October 2000 Public School Enrollment
34,212,DISTRICT NO. 12,15,76,67,82,85,87,95,86,102,92,100,97,75,72,1131,0,1089.0,7/30/2002 Final October 2000 Public School Enrollment
35,213,DISTRICT NO. 13,19,153,159,165,188,171,177,159,154,176,156,129,119,103,2028,0,1962.0,7/30/2002 Final October 2000 Public School Enrollment
36,214,DISTRICT NO. 14,19,153,155,173,157,165,176,157,176,167,203,194,195,169,2259,0,2168.0,7/30/2002 Final October 2000 Public School Enrollment
37,215,DISTRICT NO. 15,29,302,330,345,367,325,368,380,353,336,396,272,280,218,4301,0,4144.0,7/30/2002 Final October 2000 Public School Enrollment
38,216,DISTRICT NO. 16,68,178,179,178,182,186,198,211,210,215,0,0,0,0,1805,0,1726.0,7/30/2002 Final October 2000 Public School Enrollment
39,217,DISTRICT NO. 17,19,192,208,208,182,216,188,179,200,176,168,152,155,160,2403,0,2286.0,7/30/2002 Final October 2000 Public School Enrollment
