,218,DISTRICT NO. 18,45,104,120,131,100,141,130,120.1,128,123,117,110,97,91,1557,4,1519,Year
0,219,DISTRICT NO. 19,0,0,0,0,0,0,0,0,0,0,297,319,288,285,1189,4,1117.0,7/30/2002 Final October 2000 Public School Enrollment
1,241,CREC,129,92,75,77,70,67,65,140,121,117,52,59,43,50,1157,0,1109.0,7/30/2002 Final October 2000 Public School Enrollment
2,242,EDUC CONNECTION,164,0,0,0,0,1,0,0,0,2,9,20,3,4,203,0,203.0,7/30/2002 Final October 2000 Public School Enrollment
3,243,CES,85,49,54,42,44,47,57,38,26,14,17,18,10,27,528,0,506.0,7/30/2002 Final October 2000 Public School Enrollment
4,244,ACES,5,97,89,84,109,106,115,113,122,122,76,70,63,135,1306,0,1191.0,7/30/2002 Final October 2000 Public School Enrollment
5,245,LEARN,13,93,83,75,81,67,65,5,7,10,9,13,13,18,552,0,530.0,7/30/2002 Final October 2000 Public School Enrollment
6,253,EASTCONN,1,3,1,2,4,2,1,3,4,6,20,20,13,16,96,0,86.0,7/30/2002 Final October 2000 Public School Enrollment
7,261,JUMOKE,0,36,39,37,37,34,32,15,0,0,0,0,0,0,230,0,217.0,7/30/2002 Final October 2000 Public School Enrollment
8,262,SPORTS SCIENCE,0,0,0,0,0,0,0,0,0,0,104,83,69,39,295,38,266.0,7/30/2002 Final October 2000 Public School Enrollment
9,263,ODYSSEY,0,0,0,0,0,0,0,33,40,32,0,0,0,0,105,0,104.0,7/30/2002 Final October 2000 Public School Enrollment
10,264,INTEGRATED DAY,0,33,32,32,35,33,33,33,20,13,0,0,0,0,264,0,251.0,7/30/2002 Final October 2000 Public School Enrollment
11,265,ISSAC,0,0,0,0,0,0,0,32,34,30,0,0,0,0,96,0,95.0,7/30/2002 Final October 2000 Public School Enrollment
12,268,COMMON GROUND,0,0,0,0,0,0,0,0,0,0,63,14,12,11,100,0,90.0,7/30/2002 Final October 2000 Public School Enrollment
13,269,BRIDGE,0,0,0,0,0,0,0,0,0,0,44,41,48,40,173,0,158.0,7/30/2002 Final October 2000 Public School Enrollment
14,270,SIDE BY,SIDE 35,22,23,23,21,22,16,18,12,17,0,0,0,0,209,0,194.0,7/30/2002 Final October 2000 Public School Enrollment
15,271,ANCESTORS,0,0,0,0,0,0,0,0,0,0,8,13,7,11,39,0,39.0,7/30/2002 Final October 2000 Public School Enrollment
16,272,EXPLORATIONS,0,0,0,0,0,0,0,0,0,0,0,20,19,20,59,0,55.0,7/30/2002 Final October 2000 Public School Enrollment
17,273,BROOKLAWN ACD,0,0,0,0,0,0,0,23,24,25,0,0,0,0,72,0,72.0,7/30/2002 Final October 2000 Public School Enrollment
18,274,CHARTER OAK PREP 0,0,0,0,0,0,0,15,35,38,31,0,0,0,119,0,109,,7/30/2002 Final October 2000 Public School Enrollment
19,276,BREAKTHROUGH,16,17,17,17,21,20,22,20,19,0,0,0,0,0,169,33,161.0,7/30/2002 Final October 2000 Public School Enrollment
20,277,HIGHVILLE CHART,30,23,32,38,31,22,31,24,30,0,0,0,0,0,261,0,258.0,7/30/2002 Final October 2000 Public School Enrollment
21,278,TRAILBLAZERS,0,0,0,0,0,0,0,39,34,34,0,0,0,0,107,0,104.0,7/30/2002 Final October 2000 Public School Enrollment
22,279,AMISTAD,0,0,0,0,0,0,47,47,36,0,0,0,0,0,130,0,120.0,7/30/2002 Final October 2000 Public School Enrollment
23,336,DEPT CORRECTIONS,0,0,0,0,238,403,291,321,400,452,430,468,400,331,3734,0,3386.0,7/30/2002 Final October 2000 Public School Enrollment
24,347,D.C.F. 0,1,1,1,6,5,6,15,18,60,82,99,52,8,354,0,332,,7/30/2002 Final October 2000 Public School Enrollment
25,900,VT SCHOOLS,0,0,0,0,0,0,0,0,0,0,3132,2893,2496,2084,10605,0,9762.0,7/30/2002 Final October 2000 Public School Enrollment
26,901,NORWICH FREE,ACAD 0,0,0,0,0,0,0,0,0,0,591,597,569,487,2244,0,2127.0,7/30/2002 Final October 2000 Public School Enrollment
27,902,GILBERT SCHOOL,0,0,0,0,0,0,0,0,0,0,175,120,124,97,516,0,500.0,7/30/2002 Final October 2000 Public School Enrollment
28,903,WOODSTOCK ACAD,0,0,0,0,0,0,0,0,0,0,268,239,256,201,964,0,922.0,7/30/2002 Final October 2000 Public School Enrollment
29,TOTALS,10464,41539,44354,43870,44717,44687,45555,44541,44100,42589,45542,40608,36985,32557,562108,1477,533502,,7/30/2002 Final October 2000 Public School Enrollment
