,Town,Name,Pre-K,Total K,Grade 1,Grade 2,Grade 3,Grade 4,Grade 5,Grade 6,Grade 7,Grade 8,Grade 9,Grade 10,Grade 11,Grade 12,Total,Choice,Year
0,1,ANDOVER,13,42,47,60,57,41,49,38,0,0,0,0,0,0,347,0,FINAL OCTOBER 2001 PUBLIC SCHOOL ENROLLMENT
1,2,ANSONIA,16,208,219,203,219,237,239,215,191,210,187,180,149,121,2594,2,FINAL OCTOBER 2001 PUBLIC SCHOOL ENROLLMENT
2,3,ASHFORD,41,53,60,63,52,55,57,64,69,82,0,0,0,0,596,0,FINAL OCTOBER 2001 PUBLIC SCHOOL ENROLLMENT
3,4,AVON,34,223,239,260,236,264,244,267,225,229,211,206,167,186,2991,30,FINAL OCTOBER 2001 PUBLIC SCHOOL ENROLLMENT
4,5,BARKHAMSTED,20,33,45,47,60,43,48,38,0,0,0,0,0,0,334,0,FINAL OCTOBER 2001 PUBLIC SCHOOL ENROLLMENT
5,7,BERLIN,49,227,244,241,241,230,238,273,264,273,274,245,245,260,3304,7,FINAL OCTOBER 2001 PUBLIC SCHOOL ENROLLMENT
6,8,BETHANY,24,78,68,77,83,94,88,86,0,0,0,0,0,0,598,2,FINAL OCTOBER 2001 PUBLIC SCHOOL ENROLLMENT
7,9,BETHEL,57,223,202,246,244,261,248,282,292,248,267,250,220,188,3228,0,FINAL OCTOBER 2001 PUBLIC SCHOOL ENROLLMENT
8,11,BLOOMFIELD,63,154,177,189,221,208,210,212,231,187,209,192,185,179,2617,0,FINAL OCTOBER 2001 PUBLIC SCHOOL ENROLLMENT
9,12,BOLTON,3,77,78,54,68,75,74,76,89,98,75,86,69,57,979,11,FINAL OCTOBER 2001 PUBLIC SCHOOL ENROLLMENT
10,13,BOZRAH,8,33,26,29,32,31,24,22,30,29,0,0,0,0,264,0,FINAL OCTOBER 2001 PUBLIC SCHOOL ENROLLMENT
11,14,BRANFORD,23,280,280,263,289,304,271,292,327,300,285,298,267,286,3765,17,FINAL OCTOBER 2001 PUBLIC SCHOOL ENROLLMENT
12,15,BRIDGEPORT,562,1842,2090,1927,1960,1985,1924,1943,1987,1703,1687,1305,983,898,22796,0,FINAL OCTOBER 2001 PUBLIC SCHOOL ENROLLMENT
13,17,BRISTOL,192,635,617,632,662,672,653,716,692,663,763,725,669,636,8927,83,FINAL OCTOBER 2001 PUBLIC SCHOOL ENROLLMENT
14,18,BROOKFIELD,28,235,226,238,232,280,257,246,238,240,241,240,174,183,3058,0,FINAL OCTOBER 2001 PUBLIC SCHOOL ENROLLMENT
15,19,BROOKLYN,94,86,96,85,97,82,107,102,88,90,0,0,0,0,927,0,FINAL OCTOBER 2001 PUBLIC SCHOOL ENROLLMENT
16,21,CANAAN,0,19,12,22,9,11,11,16,18,11,0,0,0,0,129,0,FINAL OCTOBER 2001 PUBLIC SCHOOL ENROLLMENT
17,22,CANTERBURY,16,53,62,46,57,59,68,68,81,67,0,0,0,0,577,0,FINAL OCTOBER 2001 PUBLIC SCHOOL ENROLLMENT
18,23,CANTON,19,128,104,129,126,146,131,131,121,128,135,108,115,100,1621,42,FINAL OCTOBER 2001 PUBLIC SCHOOL ENROLLMENT
19,24,CHAPLIN,21,32,31,33,40,20,34,32,0,0,0,0,0,0,243,0,FINAL OCTOBER 2001 PUBLIC SCHOOL ENROLLMENT
20,25,CHESHIRE,80,335,353,389,370,391,398,396,410,441,380,367,351,355,5016,24,FINAL OCTOBER 2001 PUBLIC SCHOOL ENROLLMENT
21,26,CHESTER,15,41,41,44,41,38,44,53,0,0,0,0,0,0,317,3,FINAL OCTOBER 2001 PUBLIC SCHOOL ENROLLMENT
22,27,CLINTON,24,151,158,152,151,183,182,188,180,182,171,151,168,167,2208,1,FINAL OCTOBER 2001 PUBLIC SCHOOL ENROLLMENT
23,28,COLCHESTER,56,252,265,254,263,240,250,272,227,255,221,220,202,125,3102,0,FINAL OCTOBER 2001 PUBLIC SCHOOL ENROLLMENT
24,29,COLEBROOK,1,18,23,16,19,19,19,20,0,0,0,0,0,0,135,0,FINAL OCTOBER 2001 PUBLIC SCHOOL ENROLLMENT
25,30,COLUMBIA,30,67,72,71,82,73,87,78,88,67,0,0,0,0,715,0,FINAL OCTOBER 2001 PUBLIC SCHOOL ENROLLMENT
26,31,CORNWALL,0,15,20,26,16,19,20,25,21,25,0,0,0,0,187,0,FINAL OCTOBER 2001 PUBLIC SCHOOL ENROLLMENT
27,32,COVENTRY,20,158,161,176,169,156,152,176,175,179,148,135,147,121,2073,0,FINAL OCTOBER 2001 PUBLIC SCHOOL ENROLLMENT
28,33,CROMWELL,26,127,159,135,162,156,145,150,159,146,113,133,113,108,1832,6,FINAL OCTOBER 2001 PUBLIC SCHOOL ENROLLMENT
29,34,DANBURY,323,747,734,774,704,688,713,753,721,741,813,679,615,562,9567,0,FINAL OCTOBER 2001 PUBLIC SCHOOL ENROLLMENT
30,35,DARIEN,43,372,359,361,361,325,371,308,278,291,222,256,197,198,3942,0,FINAL OCTOBER 2001 PUBLIC SCHOOL ENROLLMENT
31,36,DEEP RIVER,11,37,58,62,57,54,55,55,0,0,0,0,0,0,389,0,FINAL OCTOBER 2001 PUBLIC SCHOOL ENROLLMENT
32,37,DERBY,38,129,126,141,127,127,132,133,128,117,110,95,90,89,1582,0,FINAL OCTOBER 2001 PUBLIC SCHOOL ENROLLMENT
33,39,EASTFORD,0,12,19,26,22,17,25,17,13,17,0,0,0,0,168,0,FINAL OCTOBER 2001 PUBLIC SCHOOL ENROLLMENT
34,40,EAST GRANBY,9,76,79,63,80,59,61,77,71,73,57,61,57,51,874,8,FINAL OCTOBER 2001 PUBLIC SCHOOL ENROLLMENT
35,41,EAST HADDAM,17,104,126,120,119,115,120,118,107,122,74,81,70,77,1370,0,FINAL OCTOBER 2001 PUBLIC SCHOOL ENROLLMENT
36,42,EAST HAMPTON,17,151,144,176,174,161,186,177,159,170,127,123,111,134,2010,0,FINAL OCTOBER 2001 PUBLIC SCHOOL ENROLLMENT
37,43,EAST HARTFORD,294,473,623,513,539,587,610,641,658,619,799,603,561,430,7950,0,FINAL OCTOBER 2001 PUBLIC SCHOOL ENROLLMENT
38,44,EAST HAVEN,99,280,301,241,316,324,329,380,367,359,302,348,272,246,4164,17,FINAL OCTOBER 2001 PUBLIC SCHOOL ENROLLMENT
39,45,EAST LYME,26,192,208,227,243,227,227,252,256,269,307,294,265,251,3244,4,FINAL OCTOBER 2001 PUBLIC SCHOOL ENROLLMENT
