,Town,Name,Pre-K,Total K,Grade 1,Grade 2,Grade 3,Grade 4,Grade 5,Grade 6,Grade 7,Grade 8,Grade 9,Grade 10,Grade 11,Grade 12,Total,Choice,Year
0,46,EASTON,17,123,112,118,120,114,127,117,112,117,0,1077.0,4.0,,,,FINAL OCTOBER 2001 PUBLIC SCHOOL ENROLLMENT
1,47,EAST WINDSOR,58,117,105,105,115,122,110,155,146,122,112,121.0,108.0,92.0,1588.0,30.0,FINAL OCTOBER 2001 PUBLIC SCHOOL ENROLLMENT
2,48,ELLINGTON,40,171,177,174,173,194,202,185,157,194,152,192.0,148.0,124.0,2283.0,0.0,FINAL OCTOBER 2001 PUBLIC SCHOOL ENROLLMENT
3,49,ENFIELD,95,459,460,487,500,498,554,494,555,532,523,565.0,589.0,441.0,6752.0,46.0,FINAL OCTOBER 2001 PUBLIC SCHOOL ENROLLMENT
4,50,ESSEX,0,77,92,73,80,82,69,79,0,0,0,0.0,0.0,0.0,552.0,0.0,FINAL OCTOBER 2001 PUBLIC SCHOOL ENROLLMENT
5,51,FAIRFIELD,38,736,708,720,664,699,649,714,641,661,561,552.0,458.0,483.0,8284.0,68.0,FINAL OCTOBER 2001 PUBLIC SCHOOL ENROLLMENT
6,52,FARMINGTON,30,279,290,295,319,353,335,340,328,350,376,314.0,265.0,281.0,4155.0,82.0,FINAL OCTOBER 2001 PUBLIC SCHOOL ENROLLMENT
7,53,FRANKLIN,11,20,27,25,24,19,20,25,20,23,0,0.0,0.0,0.0,214.0,0.0,FINAL OCTOBER 2001 PUBLIC SCHOOL ENROLLMENT
8,54,GLASTONBURY,32,503,499,490,503,487,540,523,491,491,455,466.0,433.0,423.0,6336.0,36.0,FINAL OCTOBER 2001 PUBLIC SCHOOL ENROLLMENT
9,56,GRANBY,0,161,178,174,151,177,160,192,157,153,167,152.0,137.0,128.0,2087.0,29.0,FINAL OCTOBER 2001 PUBLIC SCHOOL ENROLLMENT
10,57,GREENWICH,99,729,753,722,732,760,709,694,690,622,577,613.0,577.0,523.0,8800.0,0.0,FINAL OCTOBER 2001 PUBLIC SCHOOL ENROLLMENT
11,58,GRISWOLD,82,115,148,145,158,158,152,157,172,164,201,185.0,149.0,133.0,2119.0,0.0,FINAL OCTOBER 2001 PUBLIC SCHOOL ENROLLMENT
12,59,GROTON,271,510,548,488,474,483,446,448,422,403,405,359.0,319.0,268.0,5844.0,10.0,FINAL OCTOBER 2001 PUBLIC SCHOOL ENROLLMENT
13,60,GUILFORD,36,283,271,300,294,305,315,344,295,303,295,286.0,304.0,285.0,3916.0,0.0,FINAL OCTOBER 2001 PUBLIC SCHOOL ENROLLMENT
14,62,HAMDEN,44,383,413,451,521,497,488,552,475,496,596,514.0,471.0,405.0,6306.0,44.0,FINAL OCTOBER 2001 PUBLIC SCHOOL ENROLLMENT
15,63,HAMPTON,19,29,22,10,24,33,24,20,0,0,0,0.0,0.0,0.0,181.0,0.0,FINAL OCTOBER 2001 PUBLIC SCHOOL ENROLLMENT
16,64,HARTFORD,632,1928,2030,1936,1998,2013,1877,1760,1790,1644,1934,1105.0,885.0,736.0,22268.0,39.0,FINAL OCTOBER 2001 PUBLIC SCHOOL ENROLLMENT
17,65,HARTLAND,0,22,28,16,28,29,39,38,38,35,0,0.0,0.0,0.0,273.0,0.0,FINAL OCTOBER 2001 PUBLIC SCHOOL ENROLLMENT
18,67,HEBRON,16,171,161,148,124,137,131,152,0,1040,0,,,,,,FINAL OCTOBER 2001 PUBLIC SCHOOL ENROLLMENT
19,68,KENT,9,33,27,35,29,38,46,34,46,34,0,0.0,0.0,0.0,331.0,0.0,FINAL OCTOBER 2001 PUBLIC SCHOOL ENROLLMENT
20,69,KILLINGLY,100,197,216,203,191,216,226,204,236,241,265,293.0,212.0,219.0,3019.0,0.0,FINAL OCTOBER 2001 PUBLIC SCHOOL ENROLLMENT
21,71,LEBANO. 35,99,87,100,109,108,95,95,107,108,156,139,141.0,131.0,1510.0,0.0,,FINAL OCTOBER 2001 PUBLIC SCHOOL ENROLLMENT
22,72,LEDYARD,33,192,208,198,204,231,257,258,252,257,281,280.0,252.0,234.0,3137.0,0.0,FINAL OCTOBER 2001 PUBLIC SCHOOL ENROLLMENT
23,73,LISBON,72,62,44,51,56,74,65,61,67,76,0,0.0,0.0,0.0,628.0,0.0,FINAL OCTOBER 2001 PUBLIC SCHOOL ENROLLMENT
24,74,LITCHFIELD,20,81,87,105,119,121,123,124,125,95,125,97.0,91.0,88.0,1401.0,0.0,FINAL OCTOBER 2001 PUBLIC SCHOOL ENROLLMENT
25,76,MADISON,39,249,285,316,295,294,280,319,269,289,231,244.0,241.0,220.0,3571.0,0.0,FINAL OCTOBER 2001 PUBLIC SCHOOL ENROLLMENT
26,77,MANCHESTER,159,597,576,579,621,551,656,627,609,607,693,550.0,491.0,448.0,7764.0,5.0,FINAL OCTOBER 2001 PUBLIC SCHOOL ENROLLMENT
27,78,MANSFIELD,67,87,132,136,168,159,177,153,163,175,0,1417.0,0.0,,,,FINAL OCTOBER 2001 PUBLIC SCHOOL ENROLLMENT
28,79,MARLBOROUGH,20,96,88,94,92,77,96,78,0,0,0,0.0,0.0,0.0,641.0,0.0,FINAL OCTOBER 2001 PUBLIC SCHOOL ENROLLMENT
29,80,MERIDEN,301,722,778,745,730,686,773,551,527,566,719,582.0,542.0,476.0,8698.0,0.0,FINAL OCTOBER 2001 PUBLIC SCHOOL ENROLLMENT
30,83,MIDDLETOWN,101,478,445,431,432,404,435,422,409,381,362,298.0,253.0,257.0,5108.0,0.0,FINAL OCTOBER 2001 PUBLIC SCHOOL ENROLLMENT
31,84,MILFORD,166,573,566,529,534,584,560,600,581,640,529,545.0,478.0,483.0,7368.0,17.0,FINAL OCTOBER 2001 PUBLIC SCHOOL ENROLLMENT
32,85,MONROE,42,316,276,340,357,304,327,313,298,336,278,303.0,311.0,289.0,4090.0,16.0,FINAL OCTOBER 2001 PUBLIC SCHOOL ENROLLMENT
33,86,MONTVILLE,25,211,193,247,224,248,227,246,240,263,217,210.0,209.0,171.0,2931.0,2.0,FINAL OCTOBER 2001 PUBLIC SCHOOL ENROLLMENT
34,88,NAUGATUCK,111,375,359,426,400,448,438,430,520,470,464,433.0,400.0,323.0,5597.0,0.0,FINAL OCTOBER 2001 PUBLIC SCHOOL ENROLLMENT
35,89,NEW BRITAIN,163,813,818,854,897,944,943,835,837,734,841,768.0,642.0,469.0,10558.0,8.0,FINAL OCTOBER 2001 PUBLIC SCHOOL ENROLLMENT
36,90,NEW CANAAN,29,321,335,309,355,329,311,359,301,270,245,248.0,230.0,244.0,3886.0,0.0,FINAL OCTOBER 2001 PUBLIC SCHOOL ENROLLMENT
37,91,NEW FAIRFIELD,62,185,244,249,236,274,231,235,246,246,235,235.0,226.0,193.0,3097.0,0.0,FINAL OCTOBER 2001 PUBLIC SCHOOL ENROLLMENT
38,92,NEW HARTFORD,19,81,91,80,86,99,103,91,0,0,0,0.0,0.0,0.0,650.0,0.0,FINAL OCTOBER 2001 PUBLIC SCHOOL ENROLLMENT
39,93,NEW HAVEN,1172,1569,1713,1559,1703,1570,1573,1543,1507,1390,1719,1318.0,1058.0,802.0,20196.0,22.0,FINAL OCTOBER 2001 PUBLIC SCHOOL ENROLLMENT
