,Town,Name,Pre-K,Total K,Grade 1,Grade 2,Grade 3,Grade 4,Grade 5,Grade 6,Grade 7,Grade 8,Grade 9,Grade 10,Grade 11,Grade 12,Total,Choice,Year
0,94,NEWINGTON,40,334,331,342,376,323,344,368,351,349,335,344.0,360.0,298.0,4495.0,50.0,FINAL OCTOBER 2001 PUBLIC SCHOOL ENROLLMENT
1,95,NEW LONDON,65,303,277,229,301,270,251,234,279,262,246,195.0,130.0,124.0,3166.0,1.0,FINAL OCTOBER 2001 PUBLIC SCHOOL ENROLLMENT
2,96,NEW MILFORD,34,375,402,377,417,412,414,448,452,403,434,371.0,337.0,259.0,5135.0,0.0,FINAL OCTOBER 2001 PUBLIC SCHOOL ENROLLMENT
3,97,NEWTOWN,26,347,435,382,437,405,402,404,417,399,376,360.0,339.0,289.0,5018.0,0.0,FINAL OCTOBER 2001 PUBLIC SCHOOL ENROLLMENT
4,98,NORFOLK,23,25,17,10,23,24,18,25,0,0,0,0.0,0.0,0.0,165.0,0.0,FINAL OCTOBER 2001 PUBLIC SCHOOL ENROLLMENT
5,99,NORTH BRANFORD,21,167,201,191,209,186,206,202,176,197,189,165.0,148.0,162.0,2420.0,17.0,FINAL OCTOBER 2001 PUBLIC SCHOOL ENROLLMENT
6,100,NORTH CANAAN,15,38,44,38,46,41,39,41,37,43,0,0.0,0.0,0.0,382.0,0.0,FINAL OCTOBER 2001 PUBLIC SCHOOL ENROLLMENT
7,101,NORTH HAVEN,38,327,285,282,295,321,307,289,298,302,253,263.0,276.0,219.0,3755.0,16.0,FINAL OCTOBER 2001 PUBLIC SCHOOL ENROLLMENT
8,102,NORTH STONINGTON,0,67,54,74,58,57,64,80,70,75,77,70.0,60.0,77.0,883.0,0.0,FINAL OCTOBER 2001 PUBLIC SCHOOL ENROLLMENT
9,103,NORWALK,106,903,908,912,913,891,858,888,837,774,884,806.0,747.0,635.0,11062.0,0.0,FINAL OCTOBER 2001 PUBLIC SCHOOL ENROLLMENT
10,104,NORWICH,216,439,391,523,402,411,390,412,417,422,64,32.0,16.0,9.0,4144.0,0.0,FINAL OCTOBER 2001 PUBLIC SCHOOL ENROLLMENT
11,106,OLD SAYBROOK,33,128,137,140,117,121,126,113,105,119,120,111.0,125.0,107.0,1602.0,3.0,FINAL OCTOBER 2001 PUBLIC SCHOOL ENROLLMENT
12,107,ORANGE,27,174,178,190,174,188,198,207,0,1336,15,,,,,,FINAL OCTOBER 2001 PUBLIC SCHOOL ENROLLMENT
13,108,OXFORD,16,156,170,146,165,146,153,149,151,153,0,1405.0,0.0,,,,FINAL OCTOBER 2001 PUBLIC SCHOOL ENROLLMENT
14,109,PLAINFIELD,139,170,209,213,204,228,213,213,203,204,223,197.0,153.0,181.0,2750.0,0.0,FINAL OCTOBER 2001 PUBLIC SCHOOL ENROLLMENT
15,110,PLAINVILLE,23,160,178,192,225,210,201,253,205,226,223,210.0,196.0,194.0,2696.0,45.0,FINAL OCTOBER 2001 PUBLIC SCHOOL ENROLLMENT
16,111,PLYMOUTH,29,127,133,141,156,147,158,164,190,188,142,133.0,116.0,117.0,1941.0,0.0,FINAL OCTOBER 2001 PUBLIC SCHOOL ENROLLMENT
17,112,POMFRET,24,49,52,54,52,64,51,66,61,60,0,0.0,0.0,0.0,533.0,0.0,FINAL OCTOBER 2001 PUBLIC SCHOOL ENROLLMENT
18,113,PORTLAND,17,135,120,111,144,126,122,133,134,90,82,66.0,75.0,74.0,1429.0,0.0,FINAL OCTOBER 2001 PUBLIC SCHOOL ENROLLMENT
19,114,PRESTON,18,45,57,50,53,47,62,77,49,57,0,0.0,0.0,0.0,515.0,0.0,FINAL OCTOBER 2001 PUBLIC SCHOOL ENROLLMENT
20,116,PUTNAM,57,86,123,93,78,98,107,104,119,99,158,85.0,98.0,94.0,1399.0,0.0,FINAL OCTOBER 2001 PUBLIC SCHOOL ENROLLMENT
21,117,REDDING,26,124,121,124,112,122,152,159,153,140,0,1233.0,0.0,,,,FINAL OCTOBER 2001 PUBLIC SCHOOL ENROLLMENT
22,118,RIDGEFIELD,22,363,415,419,427,433,442,418,418,386,358,360.0,339.0,288.0,5088.0,0.0,FINAL OCTOBER 2001 PUBLIC SCHOOL ENROLLMENT
23,119,ROCKY HILL,34,177,192,196,175,194,183,210,195,205,181,178.0,147.0,151.0,2418.0,19.0,FINAL OCTOBER 2001 PUBLIC SCHOOL ENROLLMENT
24,121,SALEM,16,63,63,51,66,68,73,79,53,67,0,0.0,0.0,0.0,599.0,0.0,FINAL OCTOBER 2001 PUBLIC SCHOOL ENROLLMENT
25,122,SALISBURY,17,33,39,35,43,33,51,38,47,51,0,0.0,0.0,0.0,387.0,0.0,FINAL OCTOBER 2001 PUBLIC SCHOOL ENROLLMENT
26,123,SCOTLAND,24,17,19,13,19,15,21,22,0,0,0,0.0,0.0,0.0,150.0,0.0,FINAL OCTOBER 2001 PUBLIC SCHOOL ENROLLMENT
27,124,SEYMOUR,13,159,185,186,204,220,207,228,220,218,279,243.0,264.0,249.0,2875.0,0.0,FINAL OCTOBER 2001 PUBLIC SCHOOL ENROLLMENT
28,125,SHARON,9,24,20,37,24,28,38,34,29,35,0,0.0,0.0,0.0,278.0,0.0,FINAL OCTOBER 2001 PUBLIC SCHOOL ENROLLMENT
29,126,SHELTON,68,365,383,441,393,438,430,463,481,453,436,398.0,361.0,370.0,5480.0,0.0,FINAL OCTOBER 2001 PUBLIC SCHOOL ENROLLMENT
30,127,SHERMAN,9,55,47,36,56,57,50,62,57,48,0,0.0,0.0,0.0,477.0,0.0,FINAL OCTOBER 2001 PUBLIC SCHOOL ENROLLMENT
31,128,SIMSBURY,58,363,393,374,356,413,417,390,389,435,359,377.0,340.0,352.0,5016.0,64.0,FINAL OCTOBER 2001 PUBLIC SCHOOL ENROLLMENT
32,129,SOMERS,21,109,122,112,116,131,139,142,145,153,145,136.0,97.0,97.0,1665.0,10.0,FINAL OCTOBER 2001 PUBLIC SCHOOL ENROLLMENT
33,131,SOUTHINGTON,36,457,476,441,512,475,531,560,573,510,597,536.0,499.0,484.0,6687.0,13.0,FINAL OCTOBER 2001 PUBLIC SCHOOL ENROLLMENT
34,132,SOUTH WINDSOR,61,338,390,378,431,396,417,429,457,410,416,345.0,327.0,315.0,5110.0,60.0,FINAL OCTOBER 2001 PUBLIC SCHOOL ENROLLMENT
35,133,SPRAGUE,13,28,38,34,42,37,49,52,39,38,0,0.0,0.0,0.0,370.0,0.0,FINAL OCTOBER 2001 PUBLIC SCHOOL ENROLLMENT
36,134,STAFFORD,119,148,136,153,143,129,158,129,161,161,174,149.0,135.0,102.0,1997.0,0.0,FINAL OCTOBER 2001 PUBLIC SCHOOL ENROLLMENT
37,135,STAMFORD,100,1297,1277,1262,1280,1190,1213,1232,1150,1039,1029,1028.0,1053.0,903.0,15053.0,0.0,FINAL OCTOBER 2001 PUBLIC SCHOOL ENROLLMENT
38,136,STERLING,23,54,47,44,49,57,41,42,40,45,0,0.0,0.0,0.0,442.0,0.0,FINAL OCTOBER 2001 PUBLIC SCHOOL ENROLLMENT
39,137,STONINGTON,37,172,174,191,203,174,202,203,189,188,184,172.0,189.0,145.0,2423.0,2.0,FINAL OCTOBER 2001 PUBLIC SCHOOL ENROLLMENT
