,Town,Name,Pre-K,Total K,Grade 1,Grade 2,Grade 3,Grade 4,Grade 5,Grade 6,Grade 7,Grade 8,Grade 9,Grade 10,Grade 11,Grade 12,Total,Choice,Year
0,138,STRATFORD,61,583,512,563,542,581,630,617,614,578,593,580,516,483.0,7453.0,23.0,FINAL OCTOBER 2001 PUBLIC SCHOOL ENROLLMENT
1,139,SUFFIELD,17,169,157,178,157,179,178,179,195,171,183,196,147,148.0,2254.0,27.0,FINAL OCTOBER 2001 PUBLIC SCHOOL ENROLLMENT
2,140,THOMASTON,22,78,88,102,106,108,88,109,104,105,103,83,83,78.0,1257.0,0.0,FINAL OCTOBER 2001 PUBLIC SCHOOL ENROLLMENT
3,141,THOMPSON,41,99,99,100,98,115,96,123,127,108,103,95,76,96.0,1376.0,0.0,FINAL OCTOBER 2001 PUBLIC SCHOOL ENROLLMENT
4,142,TOLLAND,56,216,252,229,226,232,209,193,262,227,213,215,193,177.0,2900.0,0.0,FINAL OCTOBER 2001 PUBLIC SCHOOL ENROLLMENT
5,143,TORRINGTON,15,334,358,392,364,417,409,479,467,442,398,310,305,265.0,4955.0,0.0,FINAL OCTOBER 2001 PUBLIC SCHOOL ENROLLMENT
6,144,TRUMBULL,141,483,513,485,452,537,496,497,488,483,493,431,413,414.0,6326.0,36.0,FINAL OCTOBER 2001 PUBLIC SCHOOL ENROLLMENT
7,145,UNION,0,6,9,8,6,12,6,6,11,7,0,0,0,0.0,71.0,0.0,FINAL OCTOBER 2001 PUBLIC SCHOOL ENROLLMENT
8,146,VERNO. 58,307,269,308,304,307,313,304,343,306,340,338,292,280,4069.0,27.0,,FINAL OCTOBER 2001 PUBLIC SCHOOL ENROLLMENT
9,147,VOLUNTOWN,26,36,25,47,30,37,42,42,34,36,0,0,0,0.0,355.0,0.0,FINAL OCTOBER 2001 PUBLIC SCHOOL ENROLLMENT
10,148,WALLINGFORD,102,459,590,545,548,556,572,581,553,598,558,495,530,482.0,7169.0,129.0,FINAL OCTOBER 2001 PUBLIC SCHOOL ENROLLMENT
11,151,WATERBURY,523,1628,1550,1417,1444,1387,1279,1338,1328,1314,1280,925,707,642.0,16762.0,0.0,FINAL OCTOBER 2001 PUBLIC SCHOOL ENROLLMENT
12,152,WATERFORD,53,181,250,217,240,227,267,248,234,257,234,221,215,202.0,3046.0,16.0,FINAL OCTOBER 2001 PUBLIC SCHOOL ENROLLMENT
13,153,WATERTOWN,89,257,315,271,296,271,292,285,302,317,243,230,227,213.0,3608.0,0.0,FINAL OCTOBER 2001 PUBLIC SCHOOL ENROLLMENT
14,154,WESTBROOK,16,71,86,81,68,85,82,100,79,80,73,73,88,62.0,1044.0,6.0,FINAL OCTOBER 2001 PUBLIC SCHOOL ENROLLMENT
15,155,WEST HARTFORD,93,729,766,686,769,761,728,690,748,703,735,714,723,686.0,9531.0,32.0,FINAL OCTOBER 2001 PUBLIC SCHOOL ENROLLMENT
16,156,WEST HAVEN,63,535,641,563,626,622,660,674,656,597,513,450,401,361.0,7362.0,0.0,FINAL OCTOBER 2001 PUBLIC SCHOOL ENROLLMENT
17,157,WESTON,15,158,210,193,201,226,212,217,181,176,176,135,129,138.0,2367.0,17.0,FINAL OCTOBER 2001 PUBLIC SCHOOL ENROLLMENT
18,158,WESTPORT,29,418,447,433,467,422,433,396,394,342,354,329,273,270.0,5007.0,46.0,FINAL OCTOBER 2001 PUBLIC SCHOOL ENROLLMENT
19,159,WETHERSFIELD,36,228,278,264,264,278,274,283,279,283,278,272,273,260.0,3550.0,14.0,FINAL OCTOBER 2001 PUBLIC SCHOOL ENROLLMENT
20,160,WILLINGTON,19,56,58,68,63,62,63,71,72,92,0,0,0,0.0,624.0,0.0,FINAL OCTOBER 2001 PUBLIC SCHOOL ENROLLMENT
21,161,WILTON,44,281,323,348,327,351,350,321,331,309,326,255,230,234.0,4030.0,0.0,FINAL OCTOBER 2001 PUBLIC SCHOOL ENROLLMENT
22,162,WINCHESTER,22,132,106,116,109,116,120,127,131,137,1551,1128,0,,,,FINAL OCTOBER 2001 PUBLIC SCHOOL ENROLLMENT
23,163,WINDHAM,215,251,269,253,267,284,240,249,248,271,313,239,229,222.0,3550.0,0.0,FINAL OCTOBER 2001 PUBLIC SCHOOL ENROLLMENT
24,164,WINDSOR,67,211,285,301,323,347,355,364,350,359,432,385,335,310.0,4424.0,24.0,FINAL OCTOBER 2001 PUBLIC SCHOOL ENROLLMENT
25,165,WINDSOR LOCKS,36,141,147,157,158,152,165,155,156,159,147,147,151,144.0,2015.0,13.0,FINAL OCTOBER 2001 PUBLIC SCHOOL ENROLLMENT
26,166,WOLCOTT,20,231,212,206,208,242,253,251,232,264,220,207,227,214.0,2987.0,0.0,FINAL OCTOBER 2001 PUBLIC SCHOOL ENROLLMENT
27,167,WOODBRIDGE,20,110,111,140,133,150,151,147,0,0,0,0,0,0.0,962.0,9.0,FINAL OCTOBER 2001 PUBLIC SCHOOL ENROLLMENT
28,169,WOODSTOCK,25,86,88,94,105,87,109,104,116,110,0,0,0,0.0,924.0,0.0,FINAL OCTOBER 2001 PUBLIC SCHOOL ENROLLMENT
29,201,DISTRICT NO. 1,0,0,0,0,0,0,0,0,0,0,154,151,138,122.0,565.0,0.0,FINAL OCTOBER 2001 PUBLIC SCHOOL ENROLLMENT
30,204,DISTRICT NO. 4,0,0,0,0,0,0,0,0,159,168,127,134,133,114.0,835.0,0.0,FINAL OCTOBER 2001 PUBLIC SCHOOL ENROLLMENT
31,205,DISTRICT NO. 5,0,0,0,0,0,0,0,0,436,411,406,374,379,345.0,2351.0,9.0,FINAL OCTOBER 2001 PUBLIC SCHOOL ENROLLMENT
32,206,DISTRICT NO. 6,1,66,71,74,75,66,82,79,73,105,92,93,101,110.0,1088.0,0.0,FINAL OCTOBER 2001 PUBLIC SCHOOL ENROLLMENT
33,207,DISTRICT NO. 7,0,0,0,0,0,0,0,0,199,170,190,180,176,146.0,1061.0,0.0,FINAL OCTOBER 2001 PUBLIC SCHOOL ENROLLMENT
34,208,DISTRICT NO. 8,0,0,0,0,0,0,0,0,264,313,248,243,223,212.0,1503.0,0.0,FINAL OCTOBER 2001 PUBLIC SCHOOL ENROLLMENT
35,209,DISTRICT NO. 9,0,0,0,0,0,0,0,0,0,0,224,198,200,167.0,789.0,0.0,FINAL OCTOBER 2001 PUBLIC SCHOOL ENROLLMENT
36,210,DISTRICT NO. 10,13,201,195,216,190,236,200,212,202,206,200,171,191,165.0,2598.0,6.0,FINAL OCTOBER 2001 PUBLIC SCHOOL ENROLLMENT
37,211,DISTRICT NO. 11,0,0,0,0,0,0,0,0,90,88,59,55,58,50.0,400.0,0.0,FINAL OCTOBER 2001 PUBLIC SCHOOL ENROLLMENT
38,212,DISTRICT NO. 12,13,72,81,69,82,83,95,89,91,107,97,93,96,72.0,1140.0,0.0,FINAL OCTOBER 2001 PUBLIC SCHOOL ENROLLMENT
39,213,DISTRICT NO. 13,18,148,177,166,170,192,171,177,153,151,155,159,126,123.0,2086.0,0.0,FINAL OCTOBER 2001 PUBLIC SCHOOL ENROLLMENT
