,Town,Name,Pre-K,Total K,Grade 1,Grade 2,Grade 3,Grade 4,Grade 5,Grade 6,Grade 7,Grade 8,Grade 9,Grade 10,Grade 11,Grade 12,Total,Choice,Year
0,214,DISTRICT NO. 14,12,158,154,152,178,154,165,174.0,156.0,188.0,199.0,192.0,187.0,189.0,2258.0,0.0,FINAL OCTOBER 2001 PUBLIC SCHOOL ENROLLMENT
1,215,DISTRICT NO. 15,35,325,309,339,356,370,335,378.0,382.0,357.0,289.0,343.0,259.0,240.0,4317.0,0.0,FINAL OCTOBER 2001 PUBLIC SCHOOL ENROLLMENT
2,216,DISTRICT NO. 16,46,219,186,183,191,187,198,209.0,215.0,206.0,205.0,135.0,0.0,0.0,2180.0,0.0,FINAL OCTOBER 2001 PUBLIC SCHOOL ENROLLMENT
3,217,DISTRICT NO. 17,26,171,198,218,200,177,223,195.0,175.0,194.0,129.0,166.0,146.0,146.0,2364.0,0.0,FINAL OCTOBER 2001 PUBLIC SCHOOL ENROLLMENT
4,218,DISTRICT NO. 18,43,115,113,118,135,104,151,128.0,123.0,131.0,127.0,115.0,102.0,97.0,1602.0,7.0,FINAL OCTOBER 2001 PUBLIC SCHOOL ENROLLMENT
5,219,DISTRICT NO. 19,0,0,0,0,0,0,0,0.0,0.0,0.0,305.0,298.0,307.0,280.0,1190.0,0.0,FINAL OCTOBER 2001 PUBLIC SCHOOL ENROLLMENT
6,241,CREC,* 175,162,140,132,133,68,69,135.0,119.0,129.0,131.0,69.0,49.0,57.0,1568.0,0.0,FINAL OCTOBER 2001 PUBLIC SCHOOL ENROLLMENT
7,242,EDUC CONNECTION,183,0,0,0,0,0,0,0.0,0.0,0.0,0.0,0.0,0.0,0.0,183.0,0.0,FINAL OCTOBER 2001 PUBLIC SCHOOL ENROLLMENT
8,243,CES,* 84,45,45,54,49,42,49,59.0,45.0,27.0,20.0,15.0,17.0,23.0,574.0,0.0,FINAL OCTOBER 2001 PUBLIC SCHOOL ENROLLMENT
9,244,ACES,* 19,74,83,95,106,104,104,382.0,388.0,362.0,99.0,108.0,62.0,150.0,2136.0,0.0,FINAL OCTOBER 2001 PUBLIC SCHOOL ENROLLMENT
10,245,LEARN,12,86,89,77,73,81,58,4.0,3.0,9.0,3.0,12.0,10.0,13.0,530.0,0.0,FINAL OCTOBER 2001 PUBLIC SCHOOL ENROLLMENT
11,253,EASTCONN,0,0,1,0,3,6,0,0.0,19.0,20.0,13.0,15.0,11.0,20.0,108.0,0.0,FINAL OCTOBER 2001 PUBLIC SCHOOL ENROLLMENT
12,261,JUMOKE,0,38,38,39,43,38,34,20.0,0.0,0.0,0.0,0.0,0.0,0.0,250.0,0.0,FINAL OCTOBER 2001 PUBLIC SCHOOL ENROLLMENT
13,262,SPORTS SCIENCE,0,0,0,0,0,0,0,0.0,0.0,0.0,131.0,78.0,60.0,47.0,316.0,26.0,FINAL OCTOBER 2001 PUBLIC SCHOOL ENROLLMENT
14,263,ODYSSEY,0,0,0,0,0,0,0,32.0,32.0,41.0,0.0,0.0,0.0,0.0,105.0,0.0,FINAL OCTOBER 2001 PUBLIC SCHOOL ENROLLMENT
15,264,INTEGRATED DAY,0,36,29,34,33,33,34,34.0,34.0,19.0,0.0,0.0,0.0,0.0,286.0,0.0,FINAL OCTOBER 2001 PUBLIC SCHOOL ENROLLMENT
16,265,ISAAC,0,0,0,0,0,0,0,53.0,32.0,29.0,0.0,0.0,0.0,0.0,114.0,0.0,FINAL OCTOBER 2001 PUBLIC SCHOOL ENROLLMENT
17,268,COMMON GROUND,0,0,0,0,0,0,0,0.0,0.0,0.0,49.0,34.0,9.0,9.0,101.0,0.0,FINAL OCTOBER 2001 PUBLIC SCHOOL ENROLLMENT
18,269,BRIDGE,0,0,0,0,0,0,0,0.0,0.0,0.0,51.0,40.0,46.0,37.0,174.0,0.0,FINAL OCTOBER 2001 PUBLIC SCHOOL ENROLLMENT
19,270,SIDE BY,SIDE 34,21,21,21,21,21,21,24.0,22.0,11.0,0.0,0.0,0.0,0.0,217.0,0.0,FINAL OCTOBER 2001 PUBLIC SCHOOL ENROLLMENT
20,272,EXPLORATIONS,0,0,0,0,0,0,0,0.0,0.0,0.0,0.0,14.0,25.0,22.0,61.0,0.0,FINAL OCTOBER 2001 PUBLIC SCHOOL ENROLLMENT
21,273,BROOKLAWN ACAD,0,0,0,0,0,0,0,15.0,21.0,24.0,0.0,0.0,0.0,0.0,60.0,0.0,FINAL OCTOBER 2001 PUBLIC SCHOOL ENROLLMENT
22,274,CHARTER OAK PREP 0,0,0,0,0,0,0,25,32.0,32.0,23.0,0.0,0.0,0.0,112.0,0.0,,FINAL OCTOBER 2001 PUBLIC SCHOOL ENROLLMENT
23,276,BREAKTHROUGH,18,18,19,21,18,22,22,21.0,20.0,18.0,0.0,0.0,0.0,0.0,197.0,43.0,FINAL OCTOBER 2001 PUBLIC SCHOOL ENROLLMENT
24,277,HIGHVILLE CHARTER,41,24,30,28,38,32,24,33.0,26.0,24.0,0.0,0.0,0.0,0.0,300.0,0.0,FINAL OCTOBER 2001 PUBLIC SCHOOL ENROLLMENT
25,278,TRAILBLAZERS,0,0,0,0,0,0,0,35.0,36.0,37.0,0.0,0.0,0.0,0.0,108.0,0.0,FINAL OCTOBER 2001 PUBLIC SCHOOL ENROLLMENT
26,279,AMISTAD,0,0,0,0,0,0,73,40.0,46.0,34.0,0.0,0.0,0.0,0.0,193.0,0.0,FINAL OCTOBER 2001 PUBLIC SCHOOL ENROLLMENT
27,336,DEPT CORRECTIONS,0,0,0,0,343,517,567,454.0,463.0,355.0,254.0,268.0,211.0,197.0,3629.0,0.0,FINAL OCTOBER 2001 PUBLIC SCHOOL ENROLLMENT
28,347,D.C.F. 0,0,3,2,2,4,7,11,22.0,34.0,99.0,93.0,39.0,19.0,335.0,0.0,,FINAL OCTOBER 2001 PUBLIC SCHOOL ENROLLMENT
29,900,CTHSS,** 0000000000,3322,2896,2516,2176,10910,0,,,,,,,,,,FINAL OCTOBER 2001 PUBLIC SCHOOL ENROLLMENT
30,901,NORWICH FREE,ACAD 0,0,0,0,0,0,0,0.0,0.0,0.0,620.0,611.0,537.0,530.0,2298.0,0.0,FINAL OCTOBER 2001 PUBLIC SCHOOL ENROLLMENT
31,902,GILBERT SCHOOL,0,0,0,0,0,0,0,0.0,0.0,0.0,168.0,137.0,104.0,110.0,519.0,0.0,FINAL OCTOBER 2001 PUBLIC SCHOOL ENROLLMENT
32,903,WOODSTOCK ACAD,0,0,0,0,0,0,0,0.0,0.0,0.0,254.0,274.0,238.0,246.0,1012.0,0.0,FINAL OCTOBER 2001 PUBLIC SCHOOL ENROLLMENT
33,TOTALS,11047,41905,43777,43294,44676,44990,45242,45885,45250.0,43954.0,46608.0,41772.0,37533.0,34288.0,570221.0,1540.0,,FINAL OCTOBER 2001 PUBLIC SCHOOL ENROLLMENT
