,Town,Name,Pre-K,Total K,Grade 1,Grade 2,Grade 3,Grade 4,Grade 5,Grade 6,Grade 7,Grade 8,Grade 9,Grade 10,Grade 11,Grade 12,Total,Choice,Year
0,49,ENFIELD,164,451,467,458,474,493,519,490,565,511,554,541,577,480,6744,57.0,FINAL OCTOBER 2003 PUBLIC SCHOOL ENROLLMENT
1,50,ESSEX,0,64,88,75,89,78,84,78,0,0,0,0,0,0,556,0.0,FINAL OCTOBER 2003 PUBLIC SCHOOL ENROLLMENT
2,51,FAIRFIELD,121,791,722,771,715,712,650,690,660,696,608,608,533,526,8803,76.0,FINAL OCTOBER 2003 PUBLIC SCHOOL ENROLLMENT
3,52,FARMINGTON,58,281,306,306,306,316,334,369,356,363,333,353,354,281,4316,86.0,FINAL OCTOBER 2003 PUBLIC SCHOOL ENROLLMENT
4,53,FRANKLIN,23,17,22,21,26,28,22,19,29,26,0,0,0,0,233,0.0,FINAL OCTOBER 2003 PUBLIC SCHOOL ENROLLMENT
5,54,GLASTONBURY,51,513,513,544,505,504,512,485,536,518,508,475,452,442,6558,34.0,FINAL OCTOBER 2003 PUBLIC SCHOOL ENROLLMENT
6,56,GRANBY,0,172,164,174,179,182,166,188,175,197,151,146,164,140,2198,28.0,FINAL OCTOBER 2003 PUBLIC SCHOOL ENROLLMENT
7,57,GREENWICH,126,757,716,706,738,709,689,683,681,680,730,677,587,601,9080,0.0,FINAL OCTOBER 2003 PUBLIC SCHOOL ENROLLMENT
8,58,GRISWOLD,126,131,112,134,136,150,169,171,176,169,218,192,174,166,2224,0.0,FINAL OCTOBER 2003 PUBLIC SCHOOL ENROLLMENT
9,59,GROTON,297,486,459,447,456,438,438,463,419,439,375,348,410,278,5753,12.0,FINAL OCTOBER 2003 PUBLIC SCHOOL ENROLLMENT
10,60,GUILFORD,49,266,274,314,282,311,308,312,315,343,267,284,292,274,3891,0.0,FINAL OCTOBER 2003 PUBLIC SCHOOL ENROLLMENT
11,62,HAMDEN,65,410,449,421,416,442,523,498,457,521,605,595,495,468,6365,54.0,FINAL OCTOBER 2003 PUBLIC SCHOOL ENROLLMENT
12,63,HAMPTON,20,14,23,26,23,12,22,26,0,0,0,0,0,0,166,0.0,FINAL OCTOBER 2003 PUBLIC SCHOOL ENROLLMENT
13,64,HARTFORD,654,2148,1965,1791,1831,1742,1911,1876,1821,1816,2018,1181,1007,813,22574,18.0,FINAL OCTOBER 2003 PUBLIC SCHOOL ENROLLMENT
14,65,HARTLAND,0,28,21,28,28,21,29,30,38,40,0,0,0,0,263,0.0,FINAL OCTOBER 2003 PUBLIC SCHOOL ENROLLMENT
15,67,HEBRON,46,152,180,187,168,157,129,130,0,0,0,0,0,0,1149,0.0,FINAL OCTOBER 2003 PUBLIC SCHOOL ENROLLMENT
16,68,KENT,11,29,31,29,24,36,28,36,50,36,0,0,0,0,310,0.0,FINAL OCTOBER 2003 PUBLIC SCHOOL ENROLLMENT
17,69,KILLINGLY,91,220,183,204,200,194,190,222,233,198,249,272,245,223,2924,0.0,FINAL OCTOBER 2003 PUBLIC SCHOOL ENROLLMENT
18,71,LEBANO. 33,88,89,101,90,102,109,113,99,104,169,154,158,133,1542,0,,FINAL OCTOBER 2003 PUBLIC SCHOOL ENROLLMENT
19,72,LEDYARD,29,190,223,216,209,192,183,222,243,245,259,280,257,241,2989,0.0,FINAL OCTOBER 2003 PUBLIC SCHOOL ENROLLMENT
20,73,LISBON,65,62,63,64,49,46,64,76,73,61,0,0,0,0,623,0.0,FINAL OCTOBER 2003 PUBLIC SCHOOL ENROLLMENT
21,74,LITCHFIELD,19,90,78,81,80,107,114,124,124,132,108,94,115,98,1364,0.0,FINAL OCTOBER 2003 PUBLIC SCHOOL ENROLLMENT
22,76,MADISON,32,235,290,281,295,327,299,302,291,337,285,272,229,240,3715,0.0,FINAL OCTOBER 2003 PUBLIC SCHOOL ENROLLMENT
23,77,MANCHESTER,209,552,578,577,584,592,579,462,586,601,706,589,543,497,7655,2.0,FINAL OCTOBER 2003 PUBLIC SCHOOL ENROLLMENT
24,78,MANSFIELD,67,102,143,124,156,143,172,168,176,161,0,0,0,0,1412,0.0,FINAL OCTOBER 2003 PUBLIC SCHOOL ENROLLMENT
25,79,MARLBOROUGH,15,78,83,95,99,95,91,78,0,0,0,0,0,0,634,0.0,FINAL OCTOBER 2003 PUBLIC SCHOOL ENROLLMENT
26,80,MERIDEN,322,736,826,706,759,733,724,537,600,561,746,604,550,488,8892,0.0,FINAL OCTOBER 2003 PUBLIC SCHOOL ENROLLMENT
27,83,MIDDLETOWN,107,475,444,459,431,413,435,333,400,418,403,303,290,273,5184,0.0,FINAL OCTOBER 2003 PUBLIC SCHOOL ENROLLMENT
28,84,MILFORD,185,563,576,594,576,547,566,606,600,613,567,573,474,519,7559,23.0,FINAL OCTOBER 2003 PUBLIC SCHOOL ENROLLMENT
29,85,MONROE,59,286,319,336,293,346,360,318,339,331,392,334,283,314,4310,15.0,FINAL OCTOBER 2003 PUBLIC SCHOOL ENROLLMENT
30,86,MONTVILLE,35,200,204,231,197,258,221,247,245,252,220,236,195,192,2933,6.0,FINAL OCTOBER 2003 PUBLIC SCHOOL ENROLLMENT
31,88,NAUGATUCK,121,362,411,397,382,437,406,429,428,423,432,407,411,381,5427,0.0,FINAL OCTOBER 2003 PUBLIC SCHOOL ENROLLMENT
32,89,NEW BRITAIN,213,861,819,828,814,843,875,880,849,824,1026,824,638,486,10780,7.0,FINAL OCTOBER 2003 PUBLIC SCHOOL ENROLLMENT
33,90,NEW CANAAN,46,286,307,330,350,338,338,307,310,340,299,259,241,257,4008,0.0,FINAL OCTOBER 2003 PUBLIC SCHOOL ENROLLMENT
34,91,NEW FAIRFIELD,74,200,248,221,249,252,245,284,228,223,235,238,211,223,3131,0.0,FINAL OCTOBER 2003 PUBLIC SCHOOL ENROLLMENT
35,92,NEW HARTFORD,16,87,81,90,86,89,81,95,0,0,0,0,0,0,625,0.0,FINAL OCTOBER 2003 PUBLIC SCHOOL ENROLLMENT
36,93,NEW HAVEN,1175,1678,1737,1486,1581,1353,1487,1597,1523,1515,1707,1491,1152,965,20447,24.0,FINAL OCTOBER 2003 PUBLIC SCHOOL ENROLLMENT
37,94,NEWINGTON,65,284,354,348,344,337,390,348,340,391,375,347,347,339,4609,52.0,FINAL OCTOBER 2003 PUBLIC SCHOOL ENROLLMENT
38,95,NEW LONDON,79,260,301,301,254,255,274,264,250,231,266,189,155,124,3203,1.0,FINAL OCTOBER 2003 PUBLIC SCHOOL ENROLLMENT
39,96,NEW MILFORD,95,366,368,385,395,395,418,419,420,449,409,402,406,339,5266,0.0,FINAL OCTOBER 2003 PUBLIC SCHOOL ENROLLMENT
40,97,NEWTOWN,23,381,426,408,466,407,445,430,424,430,425,390,389,355,5399,0.0,FINAL OCTOBER 2003 PUBLIC SCHOOL ENROLLMENT
41,98,NORFOLK,21,17,23,28,17,11,21,25,0,0,0,0,0,0,163,0.0,FINAL OCTOBER 2003 PUBLIC SCHOOL ENROLLMENT
42,99,NORTH BRANFORD,17,191,211,197,198,184,215,201,201,211,169,190,174,146,2505,24.0,FINAL OCTOBER 2003 PUBLIC SCHOOL ENROLLMENT
